sale_id,product_id,customer_id,sale_date,quantity,total_amount
SAL00001,P0080,C0234,2024-05-23,5,7050.85
SAL00002,P0156,C0111,2024-10-15,5,6136.65
SAL00003,P0161,C0164,2024-09-07,3,3041.7
SAL00004,P0173,C0207,2024-06-24,2,1955.18
SAL00005,P0188,C0148,2024-03-31,1,1360.34
SAL00006,P0069,C0036,2024-05-21,5,4666.6
SAL00007,P0028,C0026,2024-09-22,3,484.47
SAL00008,P0044,C0160,2024-10-13,2,1611.2
SAL00009,P0155,C0099,2024-10-01,1,1317.89
SAL00010,P0042,C0289,2024-05-11,4,640.52
SAL00011,P0014,C0159,2024-05-25,4,3200.72
SAL00012,P0051,C0123,2024-10-25,2,3921.96
SAL00013,P0105,C0195,2024-08-21,5,1580.3
SAL00014,P0123,C0153,2024-01-06,5,3852.55
SAL00015,P0058,C0098,2024-10-09,2,2703.88
SAL00016,P0125,C0095,2024-02-28,4,4675.6
SAL00017,P0066,C0099,2024-10-04,5,8907.6
SAL00018,P0165,C0013,2024-05-26,4,2755.52
SAL00019,P0134,C0033,2024-09-07,4,6661.08
SAL00020,P0075,C0124,2024-09-26,4,6131.04
SAL00021,P0062,C0205,2024-06-29,3,420.0
SAL00022,P0038,C0199,2024-05-20,2,989.08
SAL00023,P0028,C0249,2024-07-01,5,807.45
SAL00024,P0073,C0182,2024-04-20,2,362.38
SAL00025,P0084,C0196,2024-02-05,5,9716.05
SAL00026,P0089,C0252,2024-07-31,1,593.25
SAL00027,P0097,C0130,2024-02-10,3,4104.4800000000005
SAL00028,P0184,C0080,2024-08-31,2,3665.72
SAL00029,P0163,C0024,2024-05-19,2,1639.28
SAL00030,P0185,C0225,2024-10-16,1,1496.53
SAL00031,P0128,C0297,2024-03-10,2,2415.34
SAL00032,P0138,C0082,2024-07-27,4,7317.04
SAL00033,P0090,C0006,2024-10-09,3,5496.12
SAL00034,P0045,C0239,2024-08-23,3,4148.1
SAL00035,P0078,C0005,2024-09-07,5,7279.95
SAL00036,P0137,C0265,2024-10-18,4,1454.8
SAL00037,P0046,C0246,2024-01-22,1,458.89
SAL00038,P0101,C0034,2024-10-21,3,1821.75
SAL00039,P0186,C0010,2024-05-19,2,2920.32
SAL00040,P0182,C0033,2024-06-11,1,233.94
SAL00041,P0155,C0283,2024-05-16,2,2635.78
SAL00042,P0019,C0066,2024-02-22,4,1888.12
SAL00043,P0012,C0200,2024-10-05,2,355.14
SAL00044,P0160,C0113,2024-04-05,2,1749.12
SAL00045,P0022,C0257,2024-10-01,3,3687.18
SAL00046,P0006,C0189,2024-01-09,4,2518.48
SAL00047,P0153,C0036,2024-08-16,1,570.98
SAL00048,P0050,C0107,2024-07-25,5,7885.4
SAL00049,P0195,C0248,2024-07-05,3,3662.37
SAL00050,P0018,C0055,2024-10-28,2,3804.14
SAL00051,P0037,C0281,2024-09-03,1,1492.34
SAL00052,P0018,C0147,2024-02-21,4,7608.28
SAL00053,P0004,C0157,2024-10-05,1,349.96
SAL00054,P0132,C0083,2024-08-25,2,2158.06
SAL00055,P0151,C0048,2024-06-17,1,260.35
SAL00056,P0091,C0072,2024-04-03,3,4222.59
SAL00057,P0059,C0109,2024-07-19,3,747.42
SAL00058,P0151,C0260,2024-08-07,2,520.7
SAL00059,P0024,C0045,2024-04-15,3,3985.68
SAL00060,P0074,C0010,2024-02-29,5,6828.65
SAL00061,P0118,C0053,2024-01-19,4,1138.64
SAL00062,P0092,C0022,2024-09-17,5,9862.9
SAL00063,P0029,C0224,2024-08-27,3,5517.87
SAL00064,P0047,C0162,2024-07-28,3,2388.7799999999997
SAL00065,P0017,C0180,2024-07-03,3,3982.44
SAL00066,P0187,C0159,2024-07-03,1,1924.73
SAL00067,P0133,C0112,2024-01-20,5,8629.95
SAL00068,P0113,C0092,2024-08-07,5,2819.3
SAL00069,P0124,C0214,2024-09-04,3,2084.2799999999997
SAL00070,P0021,C0296,2024-06-04,1,936.86
SAL00071,P0197,C0184,2024-02-26,4,1198.76
SAL00072,P0012,C0132,2024-07-27,5,887.8499999999999
SAL00073,P0101,C0240,2024-06-14,1,607.25
SAL00074,P0120,C0093,2024-02-16,5,7147.0
SAL00075,P0172,C0050,2024-01-21,1,635.71
SAL00076,P0159,C0262,2024-01-05,3,942.51
SAL00077,P0003,C0097,2024-01-30,1,1156.43
SAL00078,P0175,C0123,2024-09-22,4,4390.08
SAL00079,P0064,C0040,2024-03-19,3,1039.65
SAL00080,P0084,C0153,2024-10-14,3,5829.63
SAL00081,P0055,C0215,2024-02-21,1,119.02
SAL00082,P0163,C0139,2024-08-09,1,819.64
SAL00083,P0136,C0294,2024-07-14,5,9923.55
SAL00084,P0090,C0002,2024-09-25,1,1832.04
SAL00085,P0047,C0105,2024-05-08,3,2388.7799999999997
SAL00086,P0174,C0277,2024-04-17,3,2706.39
SAL00087,P0029,C0015,2024-06-24,5,9196.45
SAL00088,P0114,C0258,2024-10-11,1,999.4
SAL00089,P0039,C0275,2024-09-13,4,1784.48
SAL00090,P0038,C0300,2024-02-26,5,2472.7000000000003
SAL00091,P0038,C0203,2024-09-17,2,989.08
SAL00092,P0103,C0266,2024-10-27,1,509.4
SAL00093,P0123,C0287,2024-04-23,2,1541.02
SAL00094,P0093,C0155,2024-05-08,4,5612.68
SAL00095,P0044,C0071,2024-09-25,5,4028.0
SAL00096,P0160,C0072,2024-11-03,1,874.56
SAL00097,P0021,C0287,2024-09-25,5,4684.3
SAL00098,P0062,C0285,2024-05-11,3,420.0
SAL00099,P0085,C0177,2024-03-23,4,3329.64
SAL00100,P0098,C0102,2024-04-16,4,6540.04
SAL00101,P0116,C0182,2024-05-15,5,9261.4
SAL00102,P0095,C0238,2024-02-05,3,4101.84
SAL00103,P0164,C0108,2024-01-15,4,1853.2
SAL00104,P0132,C0293,2024-06-03,1,1079.03
SAL00105,P0171,C0055,2024-07-16,1,180.4
SAL00106,P0018,C0167,2024-07-29,1,1902.07
SAL00107,P0068,C0270,2024-07-03,3,2919.06
SAL00108,P0038,C0233,2024-06-27,1,494.54
SAL00109,P0113,C0116,2024-08-09,1,563.86
SAL00110,P0021,C0083,2024-03-18,2,1873.72
SAL00111,P0060,C0073,2024-08-18,1,1086.05
SAL00112,P0049,C0195,2024-01-29,1,737.54
SAL00113,P0013,C0003,2024-07-04,5,6838.35
SAL00114,P0033,C0231,2024-02-17,2,3511.12
SAL00115,P0087,C0035,2024-09-13,4,3263.28
SAL00116,P0145,C0217,2024-04-11,3,1231.77
SAL00117,P0120,C0229,2024-06-29,5,7147.0
SAL00118,P0039,C0283,2024-08-21,2,892.24
SAL00119,P0157,C0191,2024-04-06,3,5728.5599999999995
SAL00120,P0124,C0100,2024-10-30,4,2779.04
SAL00121,P0110,C0159,2024-08-24,3,4785.36
SAL00122,P0071,C0141,2024-10-28,2,3011.34
SAL00123,P0037,C0187,2024-06-13,1,1492.34
SAL00124,P0034,C0097,2024-08-03,4,982.96
SAL00125,P0036,C0169,2024-05-21,1,720.13
SAL00126,P0104,C0188,2024-06-05,1,1064.06
SAL00127,P0142,C0064,2024-08-09,4,1626.68
SAL00128,P0066,C0181,2024-09-12,4,7126.08
SAL00129,P0058,C0104,2024-08-01,5,6759.700000000001
SAL00130,P0146,C0196,2024-04-17,1,1455.11
SAL00131,P0115,C0297,2024-01-17,1,1480.9
SAL00132,P0009,C0251,2024-02-17,4,3021.8
SAL00133,P0077,C0270,2024-05-07,1,1261.32
SAL00134,P0183,C0180,2024-02-18,2,1175.26
SAL00135,P0015,C0085,2024-07-19,1,396.03
SAL00136,P0001,C0239,2024-09-19,4,6836.96
SAL00137,P0100,C0237,2024-03-08,3,4088.13
SAL00138,P0051,C0130,2024-01-23,4,7843.92
SAL00139,P0169,C0080,2024-01-30,1,543.93
SAL00140,P0106,C0050,2024-04-01,1,623.46
SAL00141,P0093,C0210,2024-03-30,1,1403.17
SAL00142,P0200,C0041,2024-07-29,4,2364.0
SAL00143,P0065,C0119,2024-09-26,5,3064.1000000000004
SAL00144,P0156,C0167,2024-07-30,3,3681.99
SAL00145,P0074,C0143,2024-10-16,1,1365.73
SAL00146,P0084,C0181,2024-07-29,1,1943.21
SAL00147,P0102,C0280,2024-07-01,5,1121.0
SAL00148,P0199,C0018,2024-07-07,1,1458.78
SAL00149,P0107,C0167,2024-07-16,4,3996.8
SAL00150,P0073,C0112,2024-02-08,5,905.95
SAL00151,P0180,C0267,2024-05-17,1,176.11
SAL00152,P0071,C0159,2024-02-08,2,3011.34
SAL00153,P0124,C0059,2024-05-08,3,2084.2799999999997
SAL00154,P0128,C0136,2024-03-18,5,6038.35
SAL00155,P0177,C0081,2024-06-23,2,1399.6
SAL00156,P0052,C0031,2024-02-04,2,2928.0
SAL00157,P0164,C0234,2024-02-04,2,926.6
SAL00158,P0031,C0267,2024-02-16,5,8239.65
SAL00159,P0189,C0277,2024-09-03,4,1700.68
SAL00160,P0146,C0121,2024-07-05,5,7275.549999999999
SAL00161,P0138,C0118,2024-09-16,3,5487.78
SAL00162,P0180,C0294,2024-02-26,1,176.11
SAL00163,P0017,C0094,2024-07-01,4,5309.92
SAL00164,P0005,C0162,2024-04-24,2,3861.62
SAL00165,P0050,C0175,2024-10-18,2,3154.16
SAL00166,P0156,C0037,2024-02-04,4,4909.32
SAL00167,P0134,C0063,2024-06-24,1,1665.27
SAL00168,P0108,C0136,2024-02-21,2,3357.32
SAL00169,P0173,C0194,2024-08-22,1,977.59
SAL00170,P0045,C0240,2024-07-16,2,2765.4
SAL00171,P0068,C0102,2024-04-11,3,2919.06
SAL00172,P0195,C0052,2024-07-17,3,3662.37
SAL00173,P0163,C0052,2024-02-20,3,2458.92
SAL00174,P0118,C0144,2024-09-24,1,284.66
SAL00175,P0132,C0185,2024-08-17,3,3237.09
SAL00176,P0175,C0289,2024-03-14,1,1097.52
SAL00177,P0023,C0077,2024-10-14,3,1443.18
SAL00178,P0136,C0185,2024-01-29,2,3969.42
SAL00179,P0132,C0011,2024-01-17,5,5395.15
SAL00180,P0047,C0218,2024-08-30,4,3185.04
SAL00181,P0023,C0070,2024-01-15,5,2405.3
SAL00182,P0154,C0215,2024-04-30,3,4568.13
SAL00183,P0051,C0052,2024-04-18,3,5882.9400000000005
SAL00184,P0153,C0003,2024-10-09,1,570.98
SAL00185,P0006,C0010,2024-07-05,3,1888.8600000000001
SAL00186,P0013,C0141,2024-04-01,1,1367.67
SAL00187,P0107,C0155,2024-06-25,1,999.2
SAL00188,P0096,C0235,2024-07-20,3,1219.29
SAL00189,P0017,C0147,2024-08-29,4,5309.92
SAL00190,P0055,C0293,2024-03-19,2,238.04
SAL00191,P0072,C0290,2024-05-21,2,1403.08
SAL00192,P0120,C0161,2024-10-12,3,4288.200000000001
SAL00193,P0105,C0138,2024-05-27,2,632.12
SAL00194,P0058,C0193,2024-03-24,3,4055.82
SAL00195,P0116,C0202,2024-06-14,4,7409.12
SAL00196,P0173,C0169,2024-07-19,5,4887.95
SAL00197,P0071,C0291,2024-08-21,3,4517.01
SAL00198,P0117,C0157,2024-02-23,1,658.0
SAL00199,P0175,C0143,2024-01-29,1,1097.52
SAL00200,P0118,C0135,2024-08-15,3,853.98
SAL00201,P0064,C0265,2024-03-31,2,693.1
SAL00202,P0094,C0059,2024-09-04,4,5805.96
SAL00203,P0124,C0046,2024-06-14,3,2084.2799999999997
SAL00204,P0128,C0180,2024-04-28,4,4830.68
SAL00205,P0109,C0011,2024-03-21,4,4296.16
SAL00206,P0076,C0086,2024-04-23,2,2401.66
SAL00207,P0085,C0074,2024-02-27,3,2497.23
SAL00208,P0114,C0131,2024-03-02,3,2998.2
SAL00209,P0195,C0287,2024-04-16,2,2441.58
SAL00210,P0080,C0172,2024-05-18,5,7050.85
SAL00211,P0062,C0174,2024-02-11,4,560.0
SAL00212,P0189,C0018,2024-02-25,5,2125.85
SAL00213,P0120,C0051,2024-05-22,2,2858.8
SAL00214,P0079,C0109,2024-09-21,3,991.4100000000001
SAL00215,P0121,C0142,2024-09-25,5,3192.7999999999997
SAL00216,P0014,C0219,2024-08-01,4,3200.72
SAL00217,P0109,C0276,2024-06-12,5,5370.2
SAL00218,P0117,C0059,2024-02-13,1,658.0
SAL00219,P0075,C0234,2024-11-03,1,1532.76
SAL00220,P0058,C0008,2024-10-25,5,6759.700000000001
SAL00221,P0080,C0228,2024-03-21,2,2820.34
SAL00222,P0060,C0137,2024-05-21,4,4344.2
SAL00223,P0137,C0085,2024-05-26,3,1091.1
SAL00224,P0011,C0143,2024-03-13,1,1466.25
SAL00225,P0047,C0031,2024-03-13,1,796.26
SAL00226,P0160,C0248,2024-06-03,3,2623.68
SAL00227,P0109,C0176,2024-04-09,1,1074.04
SAL00228,P0170,C0042,2024-08-28,5,2319.2
SAL00229,P0002,C0093,2024-10-11,1,910.77
SAL00230,P0165,C0177,2024-02-27,4,2755.52
SAL00231,P0067,C0090,2024-01-17,2,2264.92
SAL00232,P0053,C0294,2024-05-20,4,2039.96
SAL00233,P0044,C0057,2024-10-12,5,4028.0
SAL00234,P0104,C0218,2024-09-19,1,1064.06
SAL00235,P0148,C0142,2024-01-10,3,4328.9400000000005
SAL00236,P0028,C0013,2024-04-11,4,645.96
SAL00237,P0165,C0278,2024-07-01,3,2066.64
SAL00238,P0089,C0253,2024-05-04,3,1779.75
SAL00239,P0049,C0108,2024-08-20,3,2212.62
SAL00240,P0059,C0003,2024-10-25,1,249.14
SAL00241,P0181,C0056,2024-03-07,2,1146.14
SAL00242,P0089,C0096,2024-10-06,3,1779.75
SAL00243,P0150,C0234,2024-08-26,1,442.21
SAL00244,P0165,C0025,2024-03-23,5,3444.4
SAL00245,P0012,C0290,2024-09-16,3,532.71
SAL00246,P0067,C0166,2024-11-03,5,5662.3
SAL00247,P0080,C0125,2024-01-27,1,1410.17
SAL00248,P0123,C0014,2024-09-29,2,1541.02
SAL00249,P0013,C0032,2024-01-24,5,6838.35
SAL00250,P0149,C0285,2024-03-13,1,1805.76
SAL00251,P0091,C0196,2024-01-10,3,4222.59
SAL00252,P0029,C0285,2024-07-12,1,1839.29
SAL00253,P0117,C0031,2024-08-19,4,2632.0
SAL00254,P0007,C0191,2024-05-18,4,3787.64
SAL00255,P0119,C0299,2024-06-01,3,4430.700000000001
SAL00256,P0109,C0158,2024-07-07,2,2148.08
SAL00257,P0165,C0275,2024-01-26,5,3444.4
SAL00258,P0185,C0092,2024-02-04,3,4489.59
SAL00259,P0023,C0275,2024-02-10,2,962.12
SAL00260,P0171,C0046,2024-09-29,4,721.6
SAL00261,P0055,C0231,2024-10-08,5,595.1
SAL00262,P0016,C0148,2024-04-01,3,5639.13
SAL00263,P0016,C0069,2024-02-07,4,7518.84
SAL00264,P0048,C0077,2024-04-02,2,2646.44
SAL00265,P0139,C0184,2024-06-07,2,2642.82
SAL00266,P0021,C0157,2024-03-23,3,2810.58
SAL00267,P0043,C0274,2024-11-04,3,5873.700000000001
SAL00268,P0013,C0055,2024-03-14,5,6838.35
SAL00269,P0098,C0300,2024-10-14,1,1635.01
SAL00270,P0098,C0003,2024-06-28,4,6540.04
SAL00271,P0158,C0162,2024-03-14,4,493.52
SAL00272,P0187,C0020,2024-01-04,2,3849.46
SAL00273,P0019,C0290,2024-03-29,3,1416.09
SAL00274,P0051,C0269,2024-09-08,2,3921.96
SAL00275,P0156,C0180,2024-03-11,2,2454.66
SAL00276,P0069,C0221,2024-01-05,2,1866.64
SAL00277,P0167,C0270,2024-05-28,4,2874.32
SAL00278,P0099,C0259,2024-03-04,2,618.84
SAL00279,P0028,C0246,2024-01-21,1,161.49
SAL00280,P0072,C0264,2024-08-04,2,1403.08
SAL00281,P0171,C0040,2024-05-17,1,180.4
SAL00282,P0044,C0173,2024-06-16,5,4028.0
SAL00283,P0148,C0173,2024-01-28,1,1442.98
SAL00284,P0103,C0270,2024-05-20,4,2037.6
SAL00285,P0099,C0235,2024-06-13,5,1547.1000000000001
SAL00286,P0028,C0030,2024-09-16,5,807.45
SAL00287,P0032,C0294,2024-01-06,1,215.64
SAL00288,P0126,C0076,2024-06-08,2,3615.0
SAL00289,P0030,C0124,2024-06-07,4,4535.16
SAL00290,P0106,C0276,2024-05-16,5,3117.3
SAL00291,P0054,C0076,2024-05-05,4,6989.84
SAL00292,P0064,C0247,2024-05-10,1,346.55
SAL00293,P0165,C0065,2024-10-06,4,2755.52
SAL00294,P0018,C0233,2024-06-13,4,7608.28
SAL00295,P0031,C0250,2024-05-24,4,6591.72
SAL00296,P0147,C0255,2024-05-19,3,3110.7000000000003
SAL00297,P0066,C0213,2024-06-16,1,1781.52
SAL00298,P0130,C0042,2024-09-26,2,1658.7
SAL00299,P0167,C0262,2024-05-12,1,718.58
SAL00300,P0077,C0097,2024-02-18,3,3783.96
SAL00301,P0194,C0186,2024-09-18,4,5721.32
SAL00302,P0058,C0042,2024-07-16,4,5407.76
SAL00303,P0129,C0090,2024-08-05,1,557.71
SAL00304,P0175,C0180,2024-07-29,1,1097.52
SAL00305,P0057,C0147,2024-02-17,1,1174.94
SAL00306,P0088,C0122,2024-08-27,4,883.48
SAL00307,P0181,C0219,2024-10-08,3,1719.21
SAL00308,P0174,C0210,2024-07-29,1,902.13
SAL00309,P0198,C0285,2024-06-12,2,2821.2
SAL00310,P0107,C0057,2024-09-03,4,3996.8
SAL00311,P0104,C0098,2024-02-01,5,5320.299999999999
SAL00312,P0183,C0178,2024-04-02,1,587.63
SAL00313,P0050,C0159,2024-02-17,2,3154.16
SAL00314,P0053,C0073,2024-04-28,1,509.99
SAL00315,P0015,C0196,2024-01-30,2,792.06
SAL00316,P0054,C0175,2024-04-08,3,5242.38
SAL00317,P0085,C0046,2024-04-17,2,1664.82
SAL00318,P0130,C0264,2024-03-15,5,4146.75
SAL00319,P0194,C0240,2024-06-25,3,4290.99
SAL00320,P0141,C0263,2024-08-12,5,5393.85
SAL00321,P0134,C0079,2024-02-23,2,3330.54
SAL00322,P0019,C0234,2024-04-18,5,2360.1499999999996
SAL00323,P0073,C0116,2024-01-04,5,905.95
SAL00324,P0047,C0028,2024-08-09,2,1592.52
SAL00325,P0113,C0113,2024-11-03,2,1127.72
SAL00326,P0199,C0230,2024-07-04,5,7293.9
SAL00327,P0016,C0117,2024-04-28,1,1879.71
SAL00328,P0186,C0181,2024-09-03,4,5840.64
SAL00329,P0096,C0210,2024-07-31,1,406.43
SAL00330,P0112,C0166,2024-10-08,4,5686.32
SAL00331,P0084,C0168,2024-10-25,2,3886.42
SAL00332,P0089,C0097,2024-02-06,5,2966.25
SAL00333,P0086,C0253,2024-02-10,3,3866.5499999999997
SAL00334,P0151,C0160,2024-09-14,3,781.0500000000001
SAL00335,P0095,C0242,2024-04-27,5,6836.4
SAL00336,P0100,C0259,2024-02-05,3,4088.13
SAL00337,P0114,C0122,2024-03-15,2,1998.8
SAL00338,P0122,C0244,2024-04-10,4,6956.04
SAL00339,P0177,C0247,2024-04-04,2,1399.6
SAL00340,P0115,C0249,2024-10-11,4,5923.6
SAL00341,P0096,C0192,2024-05-05,4,1625.72
SAL00342,P0146,C0284,2024-08-15,4,5820.44
SAL00343,P0135,C0021,2024-09-03,4,3085.56
SAL00344,P0111,C0152,2024-04-23,5,3700.4500000000003
SAL00345,P0080,C0160,2024-09-13,5,7050.85
SAL00346,P0038,C0237,2024-10-29,3,1483.6200000000001
SAL00347,P0041,C0226,2024-03-20,2,1285.14
SAL00348,P0130,C0264,2024-08-08,5,4146.75
SAL00349,P0080,C0255,2024-09-26,5,7050.85
SAL00350,P0092,C0092,2024-02-10,5,9862.9
SAL00351,P0001,C0175,2024-07-25,3,5127.72
SAL00352,P0102,C0029,2024-09-06,1,224.2
SAL00353,P0030,C0014,2024-07-31,1,1133.79
SAL00354,P0027,C0289,2024-06-24,4,4686.96
SAL00355,P0181,C0263,2024-07-01,2,1146.14
SAL00356,P0113,C0176,2024-05-20,2,1127.72
SAL00357,P0160,C0287,2024-02-20,1,874.56
SAL00358,P0074,C0090,2024-06-09,2,2731.46
SAL00359,P0142,C0268,2024-02-12,2,813.34
SAL00360,P0135,C0115,2024-05-30,5,3856.95
SAL00361,P0082,C0066,2024-06-08,4,6404.72
SAL00362,P0172,C0058,2024-09-17,4,2542.84
SAL00363,P0098,C0219,2024-02-10,1,1635.01
SAL00364,P0081,C0209,2024-01-24,5,8052.200000000001
SAL00365,P0186,C0236,2024-10-29,1,1460.16
SAL00366,P0112,C0112,2024-04-03,4,5686.32
SAL00367,P0122,C0207,2024-06-18,4,6956.04
SAL00368,P0110,C0278,2024-05-06,4,6380.48
SAL00369,P0153,C0198,2024-07-29,2,1141.96
SAL00370,P0166,C0195,2024-04-21,2,831.62
SAL00371,P0160,C0033,2024-06-06,5,4372.799999999999
SAL00372,P0145,C0152,2024-10-13,3,1231.77
SAL00373,P0046,C0095,2024-09-25,4,1835.56
SAL00374,P0014,C0018,2024-07-06,1,800.18
SAL00375,P0048,C0100,2024-01-12,5,6616.1
SAL00376,P0067,C0224,2024-01-07,5,5662.3
SAL00377,P0172,C0300,2024-10-11,5,3178.55
SAL00378,P0136,C0032,2024-08-08,2,3969.42
SAL00379,P0023,C0032,2024-01-13,2,962.12
SAL00380,P0037,C0137,2024-04-01,3,4477.0199999999995
SAL00381,P0102,C0017,2024-05-23,2,448.4
SAL00382,P0009,C0263,2024-05-07,2,1510.9
SAL00383,P0014,C0052,2024-04-04,4,3200.72
SAL00384,P0114,C0278,2024-09-20,1,999.4
SAL00385,P0100,C0287,2024-02-29,5,6813.55
SAL00386,P0156,C0097,2024-06-30,4,4909.32
SAL00387,P0182,C0229,2024-07-02,2,467.88
SAL00388,P0185,C0278,2024-10-15,5,7482.65
SAL00389,P0114,C0104,2024-01-02,5,4997.0
SAL00390,P0182,C0201,2024-10-26,2,467.88
SAL00391,P0163,C0195,2024-08-04,3,2458.92
SAL00392,P0069,C0057,2024-04-17,2,1866.64
SAL00393,P0039,C0069,2024-01-21,3,1338.3600000000001
SAL00394,P0169,C0112,2024-01-10,1,543.93
SAL00395,P0200,C0111,2024-04-25,5,2955.0
SAL00396,P0197,C0182,2024-08-02,5,1498.45
SAL00397,P0128,C0281,2024-02-23,4,4830.68
SAL00398,P0047,C0240,2024-01-31,5,3981.3
SAL00399,P0191,C0092,2024-06-16,2,977.56
SAL00400,P0042,C0092,2024-09-08,3,480.39
SAL00401,P0148,C0003,2024-08-05,4,5771.92
SAL00402,P0140,C0130,2024-06-10,1,1785.64
SAL00403,P0198,C0219,2024-05-07,5,7053.0
SAL00404,P0026,C0234,2024-06-06,1,1871.72
SAL00405,P0068,C0036,2024-03-19,3,2919.06
SAL00406,P0143,C0285,2024-04-04,3,2451.18
SAL00407,P0088,C0188,2024-04-12,1,220.87
SAL00408,P0024,C0169,2024-02-01,2,2657.12
SAL00409,P0155,C0153,2024-09-06,4,5271.56
SAL00410,P0082,C0039,2024-04-18,4,6404.72
SAL00411,P0122,C0176,2024-06-17,2,3478.02
SAL00412,P0053,C0151,2024-10-18,3,1529.97
SAL00413,P0089,C0014,2024-03-03,5,2966.25
SAL00414,P0073,C0196,2024-09-04,2,362.38
SAL00415,P0161,C0131,2024-02-21,3,3041.7
SAL00416,P0060,C0033,2024-03-09,2,2172.1
SAL00417,P0047,C0134,2024-08-15,1,796.26
SAL00418,P0147,C0016,2024-10-18,5,5184.5
SAL00419,P0162,C0198,2024-03-05,1,323.31
SAL00420,P0185,C0258,2024-04-07,4,5986.12
SAL00421,P0014,C0058,2024-09-19,4,3200.72
SAL00422,P0066,C0002,2024-04-13,4,7126.08
SAL00423,P0149,C0139,2024-10-07,3,5417.28
SAL00424,P0018,C0024,2024-05-06,1,1902.07
SAL00425,P0084,C0242,2024-10-24,3,5829.63
SAL00426,P0139,C0175,2024-06-04,3,3964.2300000000005
SAL00427,P0132,C0048,2024-04-28,5,5395.15
SAL00428,P0098,C0185,2024-03-11,4,6540.04
SAL00429,P0071,C0225,2024-02-11,5,7528.35
SAL00430,P0155,C0231,2024-05-12,2,2635.78
SAL00431,P0071,C0202,2024-06-30,1,1505.67
SAL00432,P0103,C0001,2024-03-14,4,2037.6
SAL00433,P0079,C0057,2024-02-21,3,991.4100000000001
SAL00434,P0153,C0132,2024-06-28,3,1712.94
SAL00435,P0173,C0047,2024-07-01,3,2932.77
SAL00436,P0102,C0203,2024-07-26,5,1121.0
SAL00437,P0054,C0244,2024-04-06,3,5242.38
SAL00438,P0029,C0083,2024-09-07,2,3678.58
SAL00439,P0034,C0023,2024-04-21,5,1228.7
SAL00440,P0171,C0178,2024-01-26,4,721.6
SAL00441,P0114,C0181,2024-09-13,4,3997.6
SAL00442,P0164,C0187,2024-01-24,3,1389.9
SAL00443,P0094,C0138,2024-05-03,4,5805.96
SAL00444,P0105,C0098,2024-09-28,3,948.1800000000001
SAL00445,P0018,C0111,2024-05-03,5,9510.35
SAL00446,P0065,C0135,2024-08-30,2,1225.64
SAL00447,P0105,C0274,2024-03-30,4,1264.24
SAL00448,P0156,C0072,2024-01-11,2,2454.66
SAL00449,P0017,C0119,2024-03-12,4,5309.92
SAL00450,P0089,C0116,2024-09-29,5,2966.25
SAL00451,P0195,C0102,2024-07-03,5,6103.95
SAL00452,P0139,C0050,2024-10-08,5,6607.05
SAL00453,P0038,C0042,2024-09-05,2,989.08
SAL00454,P0139,C0268,2024-05-07,4,5285.64
SAL00455,P0172,C0155,2024-09-19,1,635.71
SAL00456,P0097,C0055,2024-07-30,2,2736.32
SAL00457,P0079,C0239,2024-06-24,5,1652.3500000000001
SAL00458,P0047,C0292,2024-04-05,5,3981.3
SAL00459,P0093,C0124,2024-05-13,2,2806.34
SAL00460,P0088,C0075,2024-02-04,1,220.87
SAL00461,P0115,C0085,2024-04-22,2,2961.8
SAL00462,P0165,C0224,2024-02-11,5,3444.4
SAL00463,P0063,C0287,2024-08-29,4,1186.32
SAL00464,P0198,C0185,2024-04-23,3,4231.799999999999
SAL00465,P0062,C0093,2024-02-09,3,420.0
SAL00466,P0042,C0060,2024-02-29,3,480.39
SAL00467,P0066,C0150,2024-07-24,5,8907.6
SAL00468,P0139,C0243,2024-08-23,5,6607.05
SAL00469,P0144,C0238,2024-10-10,5,5075.7
SAL00470,P0018,C0141,2024-08-15,4,7608.28
SAL00471,P0093,C0049,2024-01-04,4,5612.68
SAL00472,P0048,C0293,2024-07-09,4,5292.88
SAL00473,P0149,C0212,2024-03-03,3,5417.28
SAL00474,P0171,C0073,2024-07-08,1,180.4
SAL00475,P0011,C0271,2024-06-23,3,4398.75
SAL00476,P0115,C0032,2024-04-05,1,1480.9
SAL00477,P0174,C0130,2024-03-06,5,4510.65
SAL00478,P0131,C0087,2024-09-03,1,1468.3
SAL00479,P0079,C0152,2024-08-19,2,660.94
SAL00480,P0029,C0089,2024-10-06,1,1839.29
SAL00481,P0079,C0196,2024-10-11,2,660.94
SAL00482,P0034,C0007,2024-04-03,1,245.74
SAL00483,P0190,C0186,2024-08-29,5,5092.7
SAL00484,P0150,C0276,2024-03-08,1,442.21
SAL00485,P0178,C0209,2024-06-05,1,1331.41
SAL00486,P0067,C0231,2024-01-09,1,1132.46
SAL00487,P0188,C0289,2024-08-07,2,2720.68
SAL00488,P0038,C0035,2024-10-21,1,494.54
SAL00489,P0148,C0276,2024-09-06,2,2885.96
SAL00490,P0025,C0023,2024-02-22,3,5657.07
SAL00491,P0033,C0205,2024-09-14,4,7022.24
SAL00492,P0059,C0177,2024-09-28,2,498.28
SAL00493,P0146,C0284,2024-10-21,1,1455.11
SAL00494,P0066,C0038,2024-04-06,2,3563.04
SAL00495,P0045,C0213,2024-06-27,2,2765.4
SAL00496,P0126,C0106,2024-05-29,1,1807.5
SAL00497,P0077,C0248,2024-05-23,4,5045.28
SAL00498,P0111,C0140,2024-10-29,5,3700.4500000000003
SAL00499,P0166,C0250,2024-08-23,4,1663.24
SAL00500,P0009,C0083,2024-09-21,1,755.45
SAL00501,P0122,C0134,2024-07-11,5,8695.05
SAL00502,P0097,C0235,2024-01-25,3,4104.4800000000005
SAL00503,P0164,C0177,2024-07-17,3,1389.9
SAL00504,P0092,C0055,2024-08-10,2,3945.16
SAL00505,P0173,C0223,2024-07-13,1,977.59
SAL00506,P0198,C0283,2024-05-09,2,2821.2
SAL00507,P0109,C0058,2024-02-09,5,5370.2
SAL00508,P0157,C0005,2024-03-22,5,9547.6
SAL00509,P0057,C0111,2024-06-29,2,2349.88
SAL00510,P0064,C0288,2024-02-15,5,1732.75
SAL00511,P0073,C0004,2024-01-08,1,181.19
SAL00512,P0127,C0229,2024-10-17,5,8003.65
SAL00513,P0036,C0151,2024-06-25,5,3600.65
SAL00514,P0093,C0130,2024-01-01,4,5612.68
SAL00515,P0012,C0169,2024-02-27,2,355.14
SAL00516,P0062,C0241,2024-07-10,3,420.0
SAL00517,P0003,C0288,2024-03-20,4,4625.72
SAL00518,P0067,C0245,2024-01-28,5,5662.3
SAL00519,P0147,C0180,2024-02-21,5,5184.5
SAL00520,P0167,C0026,2024-06-15,3,2155.7400000000002
SAL00521,P0103,C0203,2024-10-20,1,509.4
SAL00522,P0062,C0201,2024-08-28,1,140.0
SAL00523,P0010,C0267,2024-08-16,5,3013.8999999999996
SAL00524,P0088,C0088,2024-07-19,2,441.74
SAL00525,P0036,C0008,2024-01-08,5,3600.65
SAL00526,P0160,C0014,2024-03-08,5,4372.799999999999
SAL00527,P0109,C0194,2024-06-06,1,1074.04
SAL00528,P0164,C0005,2024-05-18,3,1389.9
SAL00529,P0147,C0285,2024-05-25,3,3110.7000000000003
SAL00530,P0014,C0170,2024-08-23,3,2400.54
SAL00531,P0114,C0023,2024-09-23,5,4997.0
SAL00532,P0181,C0134,2024-08-24,3,1719.21
SAL00533,P0104,C0107,2024-05-13,5,5320.299999999999
SAL00534,P0153,C0099,2024-10-14,1,570.98
SAL00535,P0195,C0295,2024-01-23,3,3662.37
SAL00536,P0172,C0122,2024-10-23,4,2542.84
SAL00537,P0102,C0144,2024-11-02,1,224.2
SAL00538,P0006,C0047,2024-10-08,4,2518.48
SAL00539,P0055,C0209,2024-04-06,1,119.02
SAL00540,P0009,C0288,2024-10-17,1,755.45
SAL00541,P0069,C0163,2024-04-15,1,933.32
SAL00542,P0051,C0297,2024-02-28,1,1960.98
SAL00543,P0067,C0063,2024-04-30,4,4529.84
SAL00544,P0149,C0042,2024-03-02,1,1805.76
SAL00545,P0111,C0044,2024-04-24,2,1480.18
SAL00546,P0051,C0047,2024-04-24,5,9804.9
SAL00547,P0149,C0041,2024-06-19,2,3611.52
SAL00548,P0020,C0246,2024-07-18,5,6692.0
SAL00549,P0024,C0264,2024-01-10,4,5314.24
SAL00550,P0064,C0107,2024-01-10,1,346.55
SAL00551,P0064,C0273,2024-05-13,4,1386.2
SAL00552,P0056,C0071,2024-06-07,2,2420.4
SAL00553,P0122,C0187,2024-09-16,5,8695.05
SAL00554,P0049,C0255,2024-08-17,3,2212.62
SAL00555,P0049,C0276,2024-01-23,4,2950.16
SAL00556,P0016,C0216,2024-08-29,1,1879.71
SAL00557,P0161,C0121,2024-03-15,2,2027.8
SAL00558,P0015,C0300,2024-05-11,3,1188.09
SAL00559,P0107,C0032,2024-03-26,5,4996.0
SAL00560,P0124,C0052,2024-05-05,3,2084.2799999999997
SAL00561,P0157,C0278,2024-10-09,3,5728.5599999999995
SAL00562,P0004,C0272,2024-07-16,2,699.92
SAL00563,P0132,C0164,2024-07-31,1,1079.03
SAL00564,P0114,C0051,2024-04-15,2,1998.8
SAL00565,P0097,C0009,2024-01-28,1,1368.16
SAL00566,P0131,C0293,2024-08-12,5,7341.5
SAL00567,P0171,C0116,2024-02-06,2,360.8
SAL00568,P0185,C0178,2024-02-26,3,4489.59
SAL00569,P0090,C0124,2024-05-06,4,7328.16
SAL00570,P0090,C0050,2024-07-21,1,1832.04
SAL00571,P0072,C0035,2024-03-06,1,701.54
SAL00572,P0030,C0119,2024-05-14,1,1133.79
SAL00573,P0124,C0066,2024-08-12,4,2779.04
SAL00574,P0096,C0060,2024-02-22,3,1219.29
SAL00575,P0044,C0021,2024-01-08,1,805.6
SAL00576,P0053,C0038,2024-04-13,5,2549.95
SAL00577,P0127,C0227,2024-08-24,3,4802.1900000000005
SAL00578,P0046,C0199,2024-05-10,3,1376.67
SAL00579,P0061,C0007,2024-05-05,5,3603.0
SAL00580,P0038,C0129,2024-11-02,5,2472.7000000000003
SAL00581,P0027,C0123,2024-02-22,5,5858.7
SAL00582,P0161,C0038,2024-01-31,5,5069.5
SAL00583,P0143,C0050,2024-05-01,3,2451.18
SAL00584,P0187,C0293,2024-02-10,1,1924.73
SAL00585,P0198,C0143,2024-04-29,1,1410.6
SAL00586,P0135,C0251,2024-01-16,5,3856.95
SAL00587,P0179,C0299,2024-09-17,5,4215.8
SAL00588,P0013,C0201,2024-02-03,2,2735.34
SAL00589,P0066,C0228,2024-07-23,4,7126.08
SAL00590,P0199,C0193,2024-09-10,3,4376.34
SAL00591,P0178,C0185,2024-07-08,4,5325.64
SAL00592,P0113,C0234,2024-01-13,5,2819.3
SAL00593,P0012,C0212,2024-05-20,4,710.28
SAL00594,P0082,C0209,2024-08-07,5,8005.900000000001
SAL00595,P0141,C0238,2024-08-13,5,5393.85
SAL00596,P0075,C0028,2024-02-09,3,4598.28
SAL00597,P0064,C0246,2024-10-26,3,1039.65
SAL00598,P0104,C0275,2024-04-18,4,4256.24
SAL00599,P0076,C0102,2024-06-04,1,1200.83
SAL00600,P0044,C0007,2024-05-21,4,3222.4
SAL00601,P0097,C0269,2024-08-18,2,2736.32
SAL00602,P0154,C0083,2024-08-06,4,6090.84
SAL00603,P0109,C0086,2024-09-28,5,5370.2
SAL00604,P0182,C0291,2024-03-02,4,935.76
SAL00605,P0167,C0184,2024-02-10,3,2155.7400000000002
SAL00606,P0133,C0200,2024-09-02,1,1725.99
SAL00607,P0029,C0298,2024-02-28,5,9196.45
SAL00608,P0181,C0156,2024-09-27,4,2292.28
SAL00609,P0055,C0063,2024-04-24,2,238.04
SAL00610,P0003,C0137,2024-04-14,3,3469.29
SAL00611,P0093,C0148,2024-10-26,5,7015.85
SAL00612,P0065,C0162,2024-11-04,1,612.82
SAL00613,P0051,C0294,2024-01-07,2,3921.96
SAL00614,P0157,C0207,2024-09-05,5,9547.6
SAL00615,P0200,C0034,2024-10-29,4,2364.0
SAL00616,P0054,C0045,2024-05-20,3,5242.38
SAL00617,P0185,C0287,2024-10-05,2,2993.06
SAL00618,P0117,C0025,2024-05-07,2,1316.0
SAL00619,P0134,C0201,2024-07-09,3,4995.8099999999995
SAL00620,P0139,C0165,2024-08-04,1,1321.41
SAL00621,P0023,C0289,2024-09-23,3,1443.18
SAL00622,P0097,C0120,2024-05-10,5,6840.8
SAL00623,P0164,C0216,2024-07-16,2,926.6
SAL00624,P0189,C0025,2024-03-08,3,1275.51
SAL00625,P0147,C0286,2024-03-28,3,3110.7000000000003
SAL00626,P0015,C0265,2024-11-04,4,1584.12
SAL00627,P0050,C0228,2024-06-26,1,1577.08
SAL00628,P0193,C0291,2024-03-15,3,4370.22
SAL00629,P0060,C0185,2024-05-22,1,1086.05
SAL00630,P0164,C0153,2024-10-30,1,463.3
SAL00631,P0030,C0102,2024-11-02,2,2267.58
SAL00632,P0131,C0206,2024-08-22,5,7341.5
SAL00633,P0063,C0053,2024-01-11,2,593.16
SAL00634,P0047,C0200,2024-01-28,4,3185.04
SAL00635,P0151,C0148,2024-02-14,1,260.35
SAL00636,P0055,C0221,2024-01-25,5,595.1
SAL00637,P0080,C0262,2024-05-27,1,1410.17
SAL00638,P0189,C0029,2024-08-05,4,1700.68
SAL00639,P0055,C0005,2024-03-31,3,357.06
SAL00640,P0064,C0162,2024-08-31,5,1732.75
SAL00641,P0020,C0261,2024-07-10,3,4015.2000000000003
SAL00642,P0020,C0047,2024-02-05,5,6692.0
SAL00643,P0147,C0034,2024-06-05,4,4147.6
SAL00644,P0057,C0189,2024-07-09,4,4699.76
SAL00645,P0062,C0234,2024-03-29,5,700.0
SAL00646,P0059,C0061,2024-01-01,4,996.56
SAL00647,P0138,C0258,2024-10-09,5,9146.3
SAL00648,P0144,C0014,2024-08-24,5,5075.7
SAL00649,P0062,C0233,2024-06-02,3,420.0
SAL00650,P0097,C0071,2024-03-07,1,1368.16
SAL00651,P0178,C0193,2024-07-22,4,5325.64
SAL00652,P0187,C0062,2024-08-12,4,7698.92
SAL00653,P0191,C0261,2024-05-23,3,1466.34
SAL00654,P0136,C0132,2024-10-19,5,9923.55
SAL00655,P0189,C0226,2024-05-09,1,425.17
SAL00656,P0190,C0089,2024-09-07,2,2037.08
SAL00657,P0023,C0067,2024-03-14,3,1443.18
SAL00658,P0171,C0287,2024-10-02,3,541.2
SAL00659,P0110,C0108,2024-04-28,3,4785.36
SAL00660,P0156,C0067,2024-01-15,5,6136.65
SAL00661,P0183,C0168,2024-10-30,2,1175.26
SAL00662,P0156,C0124,2024-10-30,4,4909.32
SAL00663,P0133,C0079,2024-09-09,1,1725.99
SAL00664,P0074,C0096,2024-08-22,1,1365.73
SAL00665,P0113,C0282,2024-09-08,5,2819.3
SAL00666,P0119,C0012,2024-02-02,3,4430.700000000001
SAL00667,P0066,C0057,2024-05-04,5,8907.6
SAL00668,P0047,C0290,2024-07-06,3,2388.7799999999997
SAL00669,P0012,C0200,2024-01-17,2,355.14
SAL00670,P0005,C0285,2024-03-05,3,5792.43
SAL00671,P0198,C0051,2024-04-09,1,1410.6
SAL00672,P0196,C0087,2024-01-27,5,8007.150000000001
SAL00673,P0141,C0073,2024-05-29,4,4315.08
SAL00674,P0187,C0175,2024-10-26,3,5774.1900000000005
SAL00675,P0192,C0298,2024-07-03,4,1945.8
SAL00676,P0078,C0023,2024-02-27,2,2911.98
SAL00677,P0093,C0270,2024-08-14,1,1403.17
SAL00678,P0197,C0119,2024-04-14,4,1198.76
SAL00679,P0100,C0292,2024-05-29,4,5450.84
SAL00680,P0032,C0027,2024-02-26,3,646.92
SAL00681,P0031,C0083,2024-07-26,2,3295.86
SAL00682,P0161,C0048,2024-01-19,3,3041.7
SAL00683,P0049,C0108,2024-03-10,4,2950.16
SAL00684,P0007,C0082,2024-04-17,4,3787.64
SAL00685,P0079,C0152,2024-09-26,5,1652.3500000000001
SAL00686,P0195,C0228,2024-02-19,3,3662.37
SAL00687,P0107,C0076,2024-10-21,3,2997.6000000000004
SAL00688,P0120,C0013,2024-10-16,3,4288.200000000001
SAL00689,P0008,C0132,2024-06-04,4,3276.24
SAL00690,P0091,C0300,2024-01-06,1,1407.53
SAL00691,P0080,C0023,2024-04-03,2,2820.34
SAL00692,P0047,C0202,2024-10-20,1,796.26
SAL00693,P0058,C0288,2024-06-21,4,5407.76
SAL00694,P0090,C0287,2024-08-13,1,1832.04
SAL00695,P0069,C0142,2024-02-02,4,3733.28
SAL00696,P0173,C0165,2024-01-24,1,977.59
SAL00697,P0057,C0106,2024-08-09,1,1174.94
SAL00698,P0164,C0204,2024-03-21,4,1853.2
SAL00699,P0083,C0238,2024-08-16,4,2496.44
SAL00700,P0118,C0056,2024-03-07,2,569.32
SAL00701,P0042,C0185,2024-11-03,3,480.39
SAL00702,P0192,C0256,2024-08-30,4,1945.8
SAL00703,P0118,C0034,2024-07-27,1,284.66
SAL00704,P0163,C0119,2024-07-28,4,3278.56
SAL00705,P0130,C0029,2024-05-23,2,1658.7
SAL00706,P0078,C0287,2024-03-05,1,1455.99
SAL00707,P0064,C0131,2024-10-07,4,1386.2
SAL00708,P0080,C0204,2024-03-15,2,2820.34
SAL00709,P0122,C0221,2024-01-10,5,8695.05
SAL00710,P0086,C0203,2024-07-02,1,1288.85
SAL00711,P0042,C0254,2024-08-04,1,160.13
SAL00712,P0139,C0087,2024-08-27,5,6607.05
SAL00713,P0065,C0134,2024-06-28,5,3064.1000000000004
SAL00714,P0134,C0190,2024-07-26,2,3330.54
SAL00715,P0112,C0201,2024-05-25,1,1421.58
SAL00716,P0178,C0064,2024-08-16,4,5325.64
SAL00717,P0089,C0160,2024-05-14,1,593.25
SAL00718,P0071,C0044,2024-11-02,4,6022.68
SAL00719,P0020,C0100,2024-09-17,1,1338.4
SAL00720,P0125,C0014,2024-07-01,4,4675.6
SAL00721,P0136,C0174,2024-01-26,5,9923.55
SAL00722,P0178,C0058,2024-06-17,4,5325.64
SAL00723,P0059,C0237,2024-07-10,5,1245.6999999999998
SAL00724,P0003,C0181,2024-06-22,1,1156.43
SAL00725,P0105,C0131,2024-08-23,1,316.06
SAL00726,P0074,C0007,2024-06-30,3,4097.1900000000005
SAL00727,P0096,C0179,2024-06-05,5,2032.15
SAL00728,P0049,C0130,2024-08-27,1,737.54
SAL00729,P0125,C0119,2024-02-24,3,3506.7000000000003
SAL00730,P0084,C0172,2024-05-31,2,3886.42
SAL00731,P0060,C0155,2024-09-23,5,5430.25
SAL00732,P0049,C0126,2024-06-16,4,2950.16
SAL00733,P0068,C0022,2024-01-14,4,3892.08
SAL00734,P0190,C0084,2024-05-31,2,2037.08
SAL00735,P0058,C0254,2024-04-15,3,4055.82
SAL00736,P0032,C0024,2024-01-14,2,431.28
SAL00737,P0078,C0293,2024-10-21,2,2911.98
SAL00738,P0120,C0192,2024-04-24,1,1429.4
SAL00739,P0160,C0178,2024-03-20,2,1749.12
SAL00740,P0039,C0254,2024-01-23,1,446.12
SAL00741,P0036,C0126,2024-08-19,4,2880.52
SAL00742,P0010,C0187,2024-04-30,5,3013.8999999999996
SAL00743,P0066,C0026,2024-04-27,1,1781.52
SAL00744,P0037,C0245,2024-05-25,4,5969.36
SAL00745,P0027,C0170,2024-08-29,1,1171.74
SAL00746,P0088,C0043,2024-05-11,1,220.87
SAL00747,P0127,C0122,2024-03-15,4,6402.92
SAL00748,P0193,C0036,2024-04-06,2,2913.48
SAL00749,P0099,C0064,2024-02-27,4,1237.68
SAL00750,P0062,C0212,2024-04-13,5,700.0
SAL00751,P0005,C0212,2024-08-06,2,3861.62
SAL00752,P0057,C0150,2024-08-12,2,2349.88
SAL00753,P0054,C0079,2024-06-12,2,3494.92
SAL00754,P0115,C0257,2024-01-25,5,7404.5
SAL00755,P0044,C0138,2024-01-26,5,4028.0
SAL00756,P0165,C0124,2024-06-05,5,3444.4
SAL00757,P0006,C0013,2024-03-12,4,2518.48
SAL00758,P0076,C0024,2024-10-02,5,6004.15
SAL00759,P0106,C0155,2024-06-21,4,2493.84
SAL00760,P0042,C0214,2024-04-13,1,160.13
SAL00761,P0196,C0113,2024-10-03,3,4804.29
SAL00762,P0031,C0020,2024-10-05,2,3295.86
SAL00763,P0074,C0052,2024-01-14,1,1365.73
SAL00764,P0133,C0008,2024-08-02,2,3451.98
SAL00765,P0125,C0081,2024-05-04,3,3506.7000000000003
SAL00766,P0086,C0154,2024-01-05,2,2577.7
SAL00767,P0065,C0232,2024-06-30,3,1838.46
SAL00768,P0111,C0075,2024-01-24,1,740.09
SAL00769,P0038,C0027,2024-11-03,2,989.08
SAL00770,P0076,C0163,2024-01-04,3,3602.49
SAL00771,P0116,C0010,2024-05-14,3,5556.84
SAL00772,P0200,C0160,2024-05-23,5,2955.0
SAL00773,P0130,C0146,2024-01-21,3,2488.05
SAL00774,P0199,C0259,2024-04-07,5,7293.9
SAL00775,P0090,C0063,2024-02-21,1,1832.04
SAL00776,P0107,C0221,2024-10-20,5,4996.0
SAL00777,P0128,C0232,2024-11-01,2,2415.34
SAL00778,P0057,C0292,2024-04-10,2,2349.88
SAL00779,P0081,C0237,2024-10-26,2,3220.88
SAL00780,P0160,C0292,2024-02-09,1,874.56
SAL00781,P0091,C0110,2024-04-15,1,1407.53
SAL00782,P0197,C0248,2024-04-12,3,899.0699999999999
SAL00783,P0109,C0288,2024-05-05,4,4296.16
SAL00784,P0013,C0213,2024-11-04,1,1367.67
SAL00785,P0103,C0166,2024-09-16,5,2547.0
SAL00786,P0078,C0109,2024-05-27,3,4367.97
SAL00787,P0197,C0234,2024-06-19,1,299.69
SAL00788,P0115,C0156,2024-02-25,1,1480.9
SAL00789,P0033,C0046,2024-05-07,5,8777.8
SAL00790,P0136,C0042,2024-03-29,5,9923.55
SAL00791,P0179,C0072,2024-02-25,5,4215.8
SAL00792,P0161,C0081,2024-09-10,4,4055.6
SAL00793,P0197,C0139,2024-08-17,1,299.69
SAL00794,P0103,C0174,2024-07-19,3,1528.1999999999998
SAL00795,P0019,C0160,2024-04-28,2,944.06
SAL00796,P0008,C0032,2024-09-14,4,3276.24
SAL00797,P0082,C0291,2024-10-27,4,6404.72
SAL00798,P0109,C0170,2024-01-21,3,3222.12
SAL00799,P0162,C0171,2024-10-25,5,1616.55
SAL00800,P0055,C0017,2024-03-17,3,357.06
SAL00801,P0158,C0155,2024-04-14,4,493.52
SAL00802,P0007,C0072,2024-06-07,5,4734.55
SAL00803,P0071,C0124,2024-04-11,2,3011.34
SAL00804,P0036,C0271,2024-10-11,2,1440.26
SAL00805,P0088,C0077,2024-01-13,5,1104.35
SAL00806,P0041,C0188,2024-05-07,1,642.57
SAL00807,P0198,C0134,2024-03-27,4,5642.4
SAL00808,P0115,C0156,2024-06-27,1,1480.9
SAL00809,P0159,C0232,2024-10-30,2,628.34
SAL00810,P0194,C0086,2024-02-05,5,7151.65
SAL00811,P0108,C0099,2024-08-31,3,5035.9800000000005
SAL00812,P0196,C0110,2024-06-24,5,8007.150000000001
SAL00813,P0042,C0204,2024-02-18,5,800.65
SAL00814,P0033,C0292,2024-08-03,5,8777.8
SAL00815,P0021,C0121,2024-05-09,4,3747.44
SAL00816,P0044,C0078,2024-08-10,2,1611.2
SAL00817,P0097,C0119,2024-03-22,2,2736.32
SAL00818,P0183,C0228,2024-02-26,1,587.63
SAL00819,P0089,C0134,2024-01-26,4,2373.0
SAL00820,P0173,C0033,2024-05-12,1,977.59
SAL00821,P0073,C0240,2024-01-18,2,362.38
SAL00822,P0180,C0266,2024-04-18,2,352.22
SAL00823,P0026,C0104,2024-08-15,2,3743.44
SAL00824,P0065,C0043,2024-10-22,4,2451.28
SAL00825,P0111,C0170,2024-01-13,3,2220.27
SAL00826,P0079,C0226,2024-09-25,2,660.94
SAL00827,P0131,C0171,2024-01-27,5,7341.5
SAL00828,P0037,C0300,2024-01-03,3,4477.0199999999995
SAL00829,P0151,C0283,2024-09-01,5,1301.75
SAL00830,P0188,C0090,2024-03-18,4,5441.36
SAL00831,P0099,C0094,2024-03-19,4,1237.68
SAL00832,P0141,C0234,2024-11-03,5,5393.85
SAL00833,P0121,C0300,2024-02-10,5,3192.7999999999997
SAL00834,P0030,C0232,2024-02-19,1,1133.79
SAL00835,P0015,C0071,2024-10-08,1,396.03
SAL00836,P0012,C0259,2024-02-01,4,710.28
SAL00837,P0196,C0060,2024-08-26,4,6405.72
SAL00838,P0028,C0040,2024-01-24,1,161.49
SAL00839,P0024,C0156,2024-08-10,2,2657.12
SAL00840,P0013,C0111,2024-08-08,5,6838.35
SAL00841,P0165,C0194,2024-07-02,3,2066.64
SAL00842,P0106,C0098,2024-01-05,5,3117.3
SAL00843,P0120,C0136,2024-07-27,1,1429.4
SAL00844,P0152,C0211,2024-02-11,3,2497.68
SAL00845,P0005,C0082,2024-06-10,4,7723.24
SAL00846,P0013,C0237,2024-06-28,3,4103.01
SAL00847,P0035,C0191,2024-11-04,2,3941.8
SAL00848,P0123,C0161,2024-06-20,1,770.51
SAL00849,P0021,C0020,2024-02-02,2,1873.72
SAL00850,P0016,C0215,2024-06-03,1,1879.71
SAL00851,P0070,C0223,2024-03-31,2,3958.78
SAL00852,P0126,C0016,2024-06-20,1,1807.5
SAL00853,P0092,C0023,2024-09-23,4,7890.32
SAL00854,P0195,C0295,2024-01-18,1,1220.79
SAL00855,P0035,C0286,2024-08-31,3,5912.700000000001
SAL00856,P0086,C0274,2024-07-16,1,1288.85
SAL00857,P0037,C0025,2024-06-30,5,7461.7
SAL00858,P0165,C0235,2024-05-07,3,2066.64
SAL00859,P0086,C0091,2024-04-27,2,2577.7
SAL00860,P0154,C0092,2024-06-19,5,7613.55
SAL00861,P0078,C0133,2024-07-13,2,2911.98
SAL00862,P0149,C0097,2024-01-22,2,3611.52
SAL00863,P0060,C0280,2024-08-15,5,5430.25
SAL00864,P0140,C0132,2024-05-21,4,7142.56
SAL00865,P0105,C0060,2024-08-29,3,948.1800000000001
SAL00866,P0004,C0053,2024-07-03,2,699.92
SAL00867,P0044,C0111,2024-07-05,3,2416.8
SAL00868,P0119,C0021,2024-03-29,5,7384.5
SAL00869,P0019,C0240,2024-08-26,4,1888.12
SAL00870,P0039,C0156,2024-08-31,1,446.12
SAL00871,P0017,C0039,2024-03-23,5,6637.4
SAL00872,P0040,C0297,2024-10-08,1,466.44
SAL00873,P0002,C0242,2024-02-02,1,910.77
SAL00874,P0134,C0083,2024-04-25,4,6661.08
SAL00875,P0055,C0177,2024-04-14,3,357.06
SAL00876,P0136,C0233,2024-01-16,1,1984.71
SAL00877,P0125,C0150,2024-05-12,2,2337.8
SAL00878,P0054,C0251,2024-10-31,4,6989.84
SAL00879,P0162,C0193,2024-02-04,2,646.62
SAL00880,P0103,C0079,2024-05-10,5,2547.0
SAL00881,P0109,C0261,2024-07-09,4,4296.16
SAL00882,P0187,C0003,2024-07-21,1,1924.73
SAL00883,P0018,C0177,2024-03-02,2,3804.14
SAL00884,P0181,C0168,2024-03-04,5,2865.3500000000004
SAL00885,P0169,C0253,2024-09-04,2,1087.86
SAL00886,P0108,C0063,2024-03-29,2,3357.32
SAL00887,P0012,C0068,2024-10-27,4,710.28
SAL00888,P0151,C0021,2024-07-27,5,1301.75
SAL00889,P0184,C0051,2024-01-18,2,3665.72
SAL00890,P0005,C0294,2024-06-03,5,9654.05
SAL00891,P0183,C0009,2024-09-21,1,587.63
SAL00892,P0114,C0076,2024-03-10,4,3997.6
SAL00893,P0164,C0299,2024-04-11,2,926.6
SAL00894,P0078,C0278,2024-05-17,4,5823.96
SAL00895,P0002,C0022,2024-07-15,2,1821.54
SAL00896,P0143,C0135,2024-03-13,5,4085.2999999999997
SAL00897,P0121,C0019,2024-03-26,1,638.56
SAL00898,P0176,C0058,2024-10-02,1,604.3
SAL00899,P0010,C0217,2024-07-22,2,1205.56
SAL00900,P0079,C0122,2024-07-25,5,1652.3500000000001
SAL00901,P0107,C0108,2024-02-01,3,2997.6000000000004
SAL00902,P0090,C0275,2024-03-18,4,7328.16
SAL00903,P0035,C0024,2024-08-11,3,5912.700000000001
SAL00904,P0039,C0055,2024-03-20,2,892.24
SAL00905,P0149,C0249,2024-10-16,5,9028.8
SAL00906,P0040,C0018,2024-08-26,1,466.44
SAL00907,P0137,C0018,2024-02-25,5,1818.5
SAL00908,P0099,C0109,2024-02-20,4,1237.68
SAL00909,P0085,C0043,2024-03-01,3,2497.23
SAL00910,P0157,C0047,2024-02-20,5,9547.6
SAL00911,P0031,C0050,2024-07-13,1,1647.93
SAL00912,P0056,C0165,2024-10-31,2,2420.4
SAL00913,P0018,C0080,2024-03-22,4,7608.28
SAL00914,P0186,C0232,2024-05-31,1,1460.16
SAL00915,P0179,C0207,2024-07-23,5,4215.8
SAL00916,P0092,C0267,2024-06-15,2,3945.16
SAL00917,P0117,C0299,2024-07-22,1,658.0
SAL00918,P0119,C0016,2024-04-25,2,2953.8
SAL00919,P0059,C0067,2024-04-05,1,249.14
SAL00920,P0012,C0197,2024-01-24,4,710.28
SAL00921,P0059,C0067,2024-07-07,1,249.14
SAL00922,P0096,C0183,2024-02-22,2,812.86
SAL00923,P0141,C0170,2024-05-15,1,1078.77
SAL00924,P0160,C0032,2024-09-21,5,4372.799999999999
SAL00925,P0080,C0175,2024-02-08,1,1410.17
SAL00926,P0168,C0219,2024-06-11,1,1686.73
SAL00927,P0058,C0131,2024-02-09,5,6759.700000000001
SAL00928,P0140,C0220,2024-07-29,1,1785.64
SAL00929,P0122,C0064,2024-08-21,2,3478.02
SAL00930,P0043,C0025,2024-01-30,2,3915.8
SAL00931,P0073,C0197,2024-08-09,5,905.95
SAL00932,P0172,C0262,2024-09-02,3,1907.13
SAL00933,P0018,C0206,2024-08-24,1,1902.07
SAL00934,P0083,C0224,2024-05-06,1,624.11
SAL00935,P0186,C0037,2024-09-30,2,2920.32
SAL00936,P0017,C0278,2024-04-06,4,5309.92
SAL00937,P0163,C0015,2024-07-20,3,2458.92
SAL00938,P0092,C0054,2024-10-23,5,9862.9
SAL00939,P0150,C0098,2024-03-30,1,442.21
SAL00940,P0113,C0237,2024-09-17,1,563.86
SAL00941,P0044,C0072,2024-02-07,3,2416.8
SAL00942,P0017,C0003,2024-01-15,3,3982.44
SAL00943,P0087,C0088,2024-01-15,4,3263.28
SAL00944,P0178,C0268,2024-09-23,3,3994.2300000000005
SAL00945,P0060,C0262,2024-10-04,1,1086.05
SAL00946,P0080,C0300,2024-11-04,3,4230.51
SAL00947,P0120,C0026,2024-04-29,1,1429.4
SAL00948,P0154,C0170,2024-06-08,5,7613.55
SAL00949,P0108,C0137,2024-05-13,2,3357.32
SAL00950,P0164,C0162,2024-02-06,1,463.3
SAL00951,P0025,C0017,2024-01-09,2,3771.38
SAL00952,P0116,C0079,2024-01-10,5,9261.4
SAL00953,P0031,C0063,2024-02-17,3,4943.79
SAL00954,P0038,C0130,2024-01-21,5,2472.7000000000003
SAL00955,P0045,C0150,2024-04-10,5,6913.5
SAL00956,P0136,C0061,2024-05-13,1,1984.71
SAL00957,P0109,C0222,2024-07-21,2,2148.08
SAL00958,P0173,C0097,2024-08-21,5,4887.95
SAL00959,P0157,C0261,2024-09-16,2,3819.04
SAL00960,P0173,C0181,2024-05-23,3,2932.77
SAL00961,P0047,C0216,2024-04-07,2,1592.52
SAL00962,P0140,C0200,2024-02-09,5,8928.2
SAL00963,P0121,C0241,2024-01-29,3,1915.6799999999998
SAL00964,P0058,C0288,2024-03-28,2,2703.88
SAL00965,P0133,C0126,2024-04-26,1,1725.99
SAL00966,P0194,C0209,2024-04-12,3,4290.99
SAL00967,P0028,C0297,2024-08-08,4,645.96
SAL00968,P0012,C0203,2024-09-08,5,887.8499999999999
SAL00969,P0101,C0053,2024-07-23,5,3036.25
SAL00970,P0043,C0166,2024-01-21,5,9789.5
SAL00971,P0181,C0196,2024-06-01,3,1719.21
SAL00972,P0191,C0128,2024-08-31,2,977.56
SAL00973,P0173,C0221,2024-07-23,1,977.59
SAL00974,P0014,C0192,2024-02-21,3,2400.54
SAL00975,P0126,C0042,2024-02-09,1,1807.5
SAL00976,P0101,C0171,2024-04-29,1,607.25
SAL00977,P0015,C0209,2024-10-04,3,1188.09
SAL00978,P0011,C0292,2024-01-21,5,7331.25
SAL00979,P0024,C0269,2024-09-12,5,6642.799999999999
SAL00980,P0035,C0145,2024-02-16,2,3941.8
SAL00981,P0167,C0043,2024-09-05,2,1437.16
SAL00982,P0055,C0112,2024-03-31,5,595.1
SAL00983,P0006,C0253,2024-09-07,2,1259.24
SAL00984,P0132,C0201,2024-08-07,4,4316.12
SAL00985,P0185,C0129,2024-02-22,3,4489.59
SAL00986,P0134,C0268,2024-01-23,2,3330.54
SAL00987,P0144,C0126,2024-06-20,3,3045.42
SAL00988,P0156,C0216,2024-01-26,3,3681.99
SAL00989,P0097,C0147,2024-05-11,1,1368.16
SAL00990,P0162,C0194,2024-02-16,1,323.31
SAL00991,P0140,C0140,2024-05-15,5,8928.2
SAL00992,P0150,C0032,2024-09-24,5,2211.0499999999997
SAL00993,P0081,C0202,2024-05-03,5,8052.200000000001
SAL00994,P0062,C0294,2024-01-22,1,140.0
SAL00995,P0072,C0222,2024-06-11,3,2104.62
SAL00996,P0156,C0286,2024-01-30,4,4909.32
SAL00997,P0127,C0292,2024-04-16,1,1600.73
SAL00998,P0148,C0149,2024-08-05,2,2885.96
SAL00999,P0008,C0256,2024-05-30,5,4095.2999999999997
SAL01000,P0065,C0155,2024-04-10,5,3064.1000000000004
SAL01001,P0020,C0296,2024-06-18,4,5353.6
SAL01002,P0154,C0134,2024-02-09,3,4568.13
SAL01003,P0028,C0134,2024-07-24,5,807.45
SAL01004,P0140,C0060,2024-08-04,3,5356.92
SAL01005,P0096,C0225,2024-05-24,5,2032.15
SAL01006,P0093,C0177,2024-05-15,1,1403.17
SAL01007,P0131,C0080,2024-05-07,1,1468.3
SAL01008,P0021,C0089,2024-05-20,2,1873.72
SAL01009,P0013,C0128,2024-05-30,3,4103.01
SAL01010,P0198,C0084,2024-11-01,4,5642.4
SAL01011,P0094,C0260,2024-07-31,3,4354.47
SAL01012,P0080,C0075,2024-09-21,3,4230.51
SAL01013,P0041,C0097,2024-03-24,5,3212.8500000000004
SAL01014,P0052,C0295,2024-09-26,4,5856.0
SAL01015,P0155,C0199,2024-02-24,4,5271.56
SAL01016,P0133,C0034,2024-09-15,5,8629.95
SAL01017,P0101,C0145,2024-10-16,5,3036.25
SAL01018,P0080,C0154,2024-06-16,3,4230.51
SAL01019,P0021,C0040,2024-06-25,4,3747.44
SAL01020,P0085,C0192,2024-07-07,2,1664.82
SAL01021,P0162,C0214,2024-06-30,5,1616.55
SAL01022,P0172,C0045,2024-11-02,1,635.71
SAL01023,P0051,C0199,2024-07-10,1,1960.98
SAL01024,P0033,C0148,2024-07-13,3,5266.68
SAL01025,P0175,C0017,2024-11-04,4,4390.08
SAL01026,P0193,C0282,2024-09-05,2,2913.48
SAL01027,P0196,C0269,2024-10-24,1,1601.43
SAL01028,P0111,C0074,2024-05-09,2,1480.18
SAL01029,P0164,C0024,2024-08-23,4,1853.2
SAL01030,P0172,C0165,2024-01-24,1,635.71
SAL01031,P0090,C0175,2024-03-12,2,3664.08
SAL01032,P0107,C0126,2024-02-19,4,3996.8
SAL01033,P0138,C0126,2024-02-24,2,3658.52
SAL01034,P0035,C0184,2024-07-19,4,7883.6
SAL01035,P0100,C0153,2024-01-24,5,6813.55
SAL01036,P0102,C0041,2024-07-31,5,1121.0
SAL01037,P0007,C0021,2024-09-24,4,3787.64
SAL01038,P0126,C0059,2024-06-19,1,1807.5
SAL01039,P0100,C0202,2024-05-20,5,6813.55
SAL01040,P0062,C0226,2024-08-16,1,140.0
SAL01041,P0104,C0092,2024-06-11,1,1064.06
SAL01042,P0074,C0112,2024-03-25,1,1365.73
SAL01043,P0101,C0199,2024-09-09,1,607.25
SAL01044,P0143,C0008,2024-04-03,1,817.06
SAL01045,P0106,C0001,2024-10-20,1,623.46
SAL01046,P0131,C0247,2024-04-28,3,4404.9
SAL01047,P0152,C0189,2024-05-03,4,3330.24
SAL01048,P0073,C0107,2024-04-25,2,362.38
SAL01049,P0006,C0101,2024-09-04,1,629.62
SAL01050,P0020,C0034,2024-02-27,5,6692.0
SAL01051,P0038,C0241,2024-07-09,5,2472.7000000000003
SAL01052,P0042,C0012,2024-07-14,4,640.52
SAL01053,P0030,C0071,2024-04-19,3,3401.37
SAL01054,P0183,C0165,2024-05-04,5,2938.15
SAL01055,P0081,C0163,2024-03-08,4,6441.76
SAL01056,P0068,C0278,2024-02-09,1,973.02
SAL01057,P0072,C0092,2024-04-11,3,2104.62
SAL01058,P0038,C0061,2024-02-15,2,989.08
SAL01059,P0006,C0209,2024-01-14,1,629.62
SAL01060,P0149,C0194,2024-02-21,5,9028.8
SAL01061,P0169,C0078,2024-04-09,2,1087.86
SAL01062,P0165,C0034,2024-08-09,1,688.88
SAL01063,P0183,C0063,2024-10-14,3,1762.8899999999999
SAL01064,P0184,C0167,2024-08-06,4,7331.44
SAL01065,P0154,C0270,2024-02-27,1,1522.71
SAL01066,P0086,C0163,2024-09-23,2,2577.7
SAL01067,P0129,C0188,2024-01-24,2,1115.42
SAL01068,P0080,C0028,2024-01-12,3,4230.51
SAL01069,P0110,C0162,2024-10-20,4,6380.48
SAL01070,P0012,C0111,2024-10-12,2,355.14
SAL01071,P0039,C0005,2024-03-11,3,1338.3600000000001
SAL01072,P0054,C0267,2024-01-14,2,3494.92
SAL01073,P0198,C0057,2024-09-27,3,4231.799999999999
SAL01074,P0162,C0272,2024-02-11,4,1293.24
SAL01075,P0148,C0132,2024-01-17,2,2885.96
SAL01076,P0127,C0146,2024-06-20,5,8003.65
SAL01077,P0041,C0139,2024-05-25,5,3212.8500000000004
SAL01078,P0167,C0029,2024-01-17,3,2155.7400000000002
SAL01079,P0063,C0238,2024-01-04,5,1482.8999999999999
SAL01080,P0039,C0133,2024-10-18,1,446.12
SAL01081,P0191,C0222,2024-04-18,3,1466.34
SAL01082,P0126,C0261,2024-04-13,1,1807.5
SAL01083,P0040,C0212,2024-09-28,5,2332.2
SAL01084,P0190,C0295,2024-05-30,1,1018.54
SAL01085,P0188,C0275,2024-01-19,2,2720.68
SAL01086,P0187,C0139,2024-03-04,1,1924.73
SAL01087,P0081,C0016,2024-08-09,4,6441.76
SAL01088,P0132,C0176,2024-10-15,5,5395.15
SAL01089,P0015,C0019,2024-05-28,2,792.06
SAL01090,P0165,C0150,2024-04-17,4,2755.52
SAL01091,P0116,C0155,2024-01-31,3,5556.84
SAL01092,P0137,C0068,2024-08-06,4,1454.8
SAL01093,P0079,C0266,2024-04-12,5,1652.3500000000001
SAL01094,P0083,C0231,2024-01-29,2,1248.22
SAL01095,P0125,C0170,2024-06-30,3,3506.7000000000003
SAL01096,P0157,C0298,2024-03-06,4,7638.08
SAL01097,P0082,C0297,2024-04-03,2,3202.36
SAL01098,P0175,C0050,2024-07-05,2,2195.04
SAL01099,P0134,C0160,2024-04-11,1,1665.27
SAL01100,P0151,C0046,2024-07-07,1,260.35
SAL01101,P0052,C0080,2024-09-17,4,5856.0
SAL01102,P0054,C0063,2024-09-04,5,8737.3
SAL01103,P0075,C0140,2024-06-29,4,6131.04
SAL01104,P0198,C0105,2024-02-14,4,5642.4
SAL01105,P0027,C0085,2024-06-06,3,3515.2200000000003
SAL01106,P0190,C0237,2024-03-11,2,2037.08
SAL01107,P0081,C0274,2024-05-05,1,1610.44
SAL01108,P0052,C0266,2024-08-08,3,4392.0
SAL01109,P0090,C0185,2024-10-03,5,9160.2
SAL01110,P0012,C0152,2024-11-04,3,532.71
SAL01111,P0185,C0108,2024-05-31,5,7482.65
SAL01112,P0061,C0151,2024-03-18,2,1441.2
SAL01113,P0005,C0208,2024-05-19,2,3861.62
SAL01114,P0055,C0247,2024-09-03,2,238.04
SAL01115,P0192,C0186,2024-05-24,1,486.45
SAL01116,P0018,C0115,2024-01-16,1,1902.07
SAL01117,P0158,C0228,2024-07-01,5,616.9
SAL01118,P0157,C0098,2024-03-15,1,1909.52
SAL01119,P0116,C0048,2024-07-20,3,5556.84
SAL01120,P0053,C0134,2024-04-13,2,1019.98
SAL01121,P0198,C0074,2024-01-24,3,4231.799999999999
SAL01122,P0197,C0271,2024-02-08,3,899.0699999999999
SAL01123,P0105,C0228,2024-01-23,4,1264.24
SAL01124,P0116,C0011,2024-10-21,1,1852.28
SAL01125,P0018,C0142,2024-04-11,2,3804.14
SAL01126,P0011,C0155,2024-02-02,3,4398.75
SAL01127,P0145,C0180,2024-04-21,2,821.18
SAL01128,P0020,C0167,2024-07-23,5,6692.0
SAL01129,P0110,C0294,2024-06-11,5,7975.599999999999
SAL01130,P0111,C0208,2024-10-18,5,3700.4500000000003
SAL01131,P0094,C0121,2024-06-02,5,7257.45
SAL01132,P0060,C0200,2024-10-28,2,2172.1
SAL01133,P0085,C0087,2024-02-11,2,1664.82
SAL01134,P0156,C0122,2024-07-31,1,1227.33
SAL01135,P0061,C0181,2024-07-22,5,3603.0
SAL01136,P0197,C0131,2024-10-25,5,1498.45
SAL01137,P0183,C0007,2024-01-03,4,2350.52
SAL01138,P0027,C0096,2024-01-09,3,3515.2200000000003
SAL01139,P0114,C0237,2024-09-09,3,2998.2
SAL01140,P0141,C0257,2024-10-16,3,3236.31
SAL01141,P0116,C0014,2024-08-29,3,5556.84
SAL01142,P0093,C0262,2024-09-02,2,2806.34
SAL01143,P0069,C0058,2024-07-07,1,933.32
SAL01144,P0011,C0185,2024-01-12,5,7331.25
SAL01145,P0186,C0106,2024-10-27,4,5840.64
SAL01146,P0097,C0027,2024-06-02,3,4104.4800000000005
SAL01147,P0077,C0190,2024-10-16,2,2522.64
SAL01148,P0152,C0095,2024-07-30,2,1665.12
SAL01149,P0078,C0253,2024-03-02,5,7279.95
SAL01150,P0049,C0067,2024-08-29,4,2950.16
SAL01151,P0117,C0213,2024-03-22,2,1316.0
SAL01152,P0069,C0193,2024-10-25,4,3733.28
SAL01153,P0176,C0281,2024-01-17,5,3021.5
SAL01154,P0100,C0083,2024-02-02,5,6813.55
SAL01155,P0141,C0181,2024-08-30,1,1078.77
SAL01156,P0045,C0196,2024-10-02,5,6913.5
SAL01157,P0165,C0283,2024-07-01,3,2066.64
SAL01158,P0118,C0065,2024-03-31,3,853.98
SAL01159,P0200,C0069,2024-06-02,4,2364.0
SAL01160,P0065,C0209,2024-05-21,3,1838.46
SAL01161,P0136,C0264,2024-04-18,3,5954.13
SAL01162,P0162,C0058,2024-04-23,4,1293.24
SAL01163,P0100,C0298,2024-09-25,1,1362.71
SAL01164,P0104,C0286,2024-07-14,4,4256.24
SAL01165,P0070,C0058,2024-01-14,3,5938.17
SAL01166,P0188,C0225,2024-06-30,3,4081.0199999999995
SAL01167,P0116,C0179,2024-03-10,5,9261.4
SAL01168,P0171,C0297,2024-05-24,5,902.0
SAL01169,P0105,C0228,2024-02-05,4,1264.24
SAL01170,P0078,C0298,2024-10-17,2,2911.98
SAL01171,P0050,C0050,2024-03-16,4,6308.32
SAL01172,P0165,C0234,2024-08-21,4,2755.52
SAL01173,P0124,C0257,2024-07-14,5,3473.8
SAL01174,P0125,C0148,2024-03-02,4,4675.6
SAL01175,P0117,C0215,2024-05-19,5,3290.0
SAL01176,P0101,C0222,2024-02-16,4,2429.0
SAL01177,P0031,C0164,2024-07-13,2,3295.86
SAL01178,P0167,C0105,2024-09-19,1,718.58
SAL01179,P0023,C0122,2024-07-08,5,2405.3
SAL01180,P0171,C0112,2024-02-06,5,902.0
SAL01181,P0074,C0243,2024-07-14,3,4097.1900000000005
SAL01182,P0102,C0229,2024-09-06,4,896.8
SAL01183,P0007,C0264,2024-01-26,3,2840.73
SAL01184,P0165,C0237,2024-09-18,1,688.88
SAL01185,P0151,C0100,2024-09-15,4,1041.4
SAL01186,P0045,C0055,2024-05-15,1,1382.7
SAL01187,P0092,C0131,2024-04-12,2,3945.16
SAL01188,P0090,C0102,2024-02-18,3,5496.12
SAL01189,P0064,C0231,2024-03-01,4,1386.2
SAL01190,P0005,C0183,2024-03-07,1,1930.81
SAL01191,P0122,C0160,2024-04-25,2,3478.02
SAL01192,P0172,C0058,2024-04-02,5,3178.55
SAL01193,P0039,C0131,2024-07-13,4,1784.48
SAL01194,P0160,C0068,2024-08-28,5,4372.799999999999
SAL01195,P0007,C0166,2024-01-17,1,946.91
SAL01196,P0124,C0151,2024-10-08,3,2084.2799999999997
SAL01197,P0015,C0300,2024-06-05,3,1188.09
SAL01198,P0189,C0284,2024-07-26,5,2125.85
SAL01199,P0109,C0267,2024-02-17,3,3222.12
SAL01200,P0121,C0125,2024-10-01,5,3192.7999999999997
SAL01201,P0121,C0205,2024-05-24,2,1277.12
SAL01202,P0044,C0171,2024-09-05,2,1611.2
SAL01203,P0061,C0139,2024-02-25,4,2882.4
SAL01204,P0019,C0186,2024-03-08,2,944.06
SAL01205,P0091,C0093,2024-05-13,1,1407.53
SAL01206,P0123,C0019,2024-08-17,2,1541.02
SAL01207,P0015,C0177,2024-07-22,5,1980.1499999999999
SAL01208,P0119,C0300,2024-05-17,2,2953.8
SAL01209,P0102,C0088,2024-06-12,1,224.2
SAL01210,P0090,C0198,2024-05-24,4,7328.16
SAL01211,P0176,C0206,2024-01-02,5,3021.5
SAL01212,P0133,C0227,2024-10-02,4,6903.96
SAL01213,P0066,C0282,2024-09-06,2,3563.04
SAL01214,P0006,C0208,2024-03-06,3,1888.8600000000001
SAL01215,P0079,C0118,2024-11-02,2,660.94
SAL01216,P0042,C0004,2024-06-29,3,480.39
SAL01217,P0149,C0010,2024-03-14,1,1805.76
SAL01218,P0132,C0113,2024-01-16,4,4316.12
SAL01219,P0063,C0231,2024-09-08,4,1186.32
SAL01220,P0055,C0034,2024-04-29,3,357.06
SAL01221,P0079,C0138,2024-10-02,3,991.4100000000001
SAL01222,P0020,C0298,2024-09-14,1,1338.4
SAL01223,P0149,C0008,2024-03-10,4,7223.04
SAL01224,P0119,C0119,2024-03-07,2,2953.8
SAL01225,P0090,C0239,2024-10-31,4,7328.16
SAL01226,P0157,C0192,2024-02-24,5,9547.6
SAL01227,P0192,C0299,2024-01-05,2,972.9
SAL01228,P0101,C0186,2024-03-27,5,3036.25
SAL01229,P0111,C0268,2024-03-21,1,740.09
SAL01230,P0170,C0083,2024-08-01,2,927.68
SAL01231,P0078,C0149,2024-01-27,2,2911.98
SAL01232,P0011,C0172,2024-02-01,3,4398.75
SAL01233,P0061,C0126,2024-09-29,1,720.6
SAL01234,P0097,C0197,2024-06-27,5,6840.8
SAL01235,P0082,C0175,2024-07-03,5,8005.900000000001
SAL01236,P0043,C0254,2024-07-22,1,1957.9
SAL01237,P0150,C0246,2024-09-07,4,1768.84
SAL01238,P0121,C0093,2024-10-23,4,2554.24
SAL01239,P0056,C0096,2024-02-11,4,4840.8
SAL01240,P0180,C0019,2024-08-12,3,528.33
SAL01241,P0158,C0021,2024-09-10,3,370.14
SAL01242,P0099,C0227,2024-02-02,1,309.42
SAL01243,P0159,C0189,2024-08-06,3,942.51
SAL01244,P0143,C0063,2024-05-26,5,4085.2999999999997
SAL01245,P0015,C0039,2024-06-15,5,1980.1499999999999
SAL01246,P0111,C0031,2024-08-12,1,740.09
SAL01247,P0047,C0259,2024-10-09,1,796.26
SAL01248,P0035,C0201,2024-03-12,3,5912.700000000001
SAL01249,P0037,C0265,2024-09-11,1,1492.34
SAL01250,P0160,C0223,2024-02-26,5,4372.799999999999
SAL01251,P0081,C0011,2024-03-16,2,3220.88
SAL01252,P0018,C0015,2024-08-13,1,1902.07
SAL01253,P0161,C0062,2024-10-06,3,3041.7
SAL01254,P0040,C0075,2024-05-29,4,1865.76
SAL01255,P0075,C0027,2024-08-02,4,6131.04
SAL01256,P0190,C0036,2024-11-02,1,1018.54
SAL01257,P0111,C0204,2024-03-22,4,2960.36
SAL01258,P0176,C0258,2024-01-04,4,2417.2
SAL01259,P0121,C0048,2024-08-26,3,1915.6799999999998
SAL01260,P0162,C0151,2024-08-09,2,646.62
SAL01261,P0192,C0163,2024-06-25,2,972.9
SAL01262,P0015,C0247,2024-06-25,4,1584.12
SAL01263,P0042,C0055,2024-05-26,4,640.52
SAL01264,P0007,C0126,2024-05-17,3,2840.73
SAL01265,P0178,C0151,2024-09-14,5,6657.05
SAL01266,P0058,C0270,2024-10-24,1,1351.94
SAL01267,P0080,C0270,2024-10-26,5,7050.85
SAL01268,P0057,C0222,2024-08-29,4,4699.76
SAL01269,P0111,C0193,2024-05-28,5,3700.4500000000003
SAL01270,P0191,C0012,2024-02-04,2,977.56
SAL01271,P0187,C0269,2024-03-14,3,5774.1900000000005
SAL01272,P0076,C0012,2024-07-26,2,2401.66
SAL01273,P0120,C0165,2024-10-31,1,1429.4
SAL01274,P0127,C0290,2024-01-25,3,4802.1900000000005
SAL01275,P0030,C0090,2024-05-02,1,1133.79
SAL01276,P0090,C0236,2024-02-03,5,9160.2
SAL01277,P0172,C0031,2024-02-08,1,635.71
SAL01278,P0086,C0274,2024-05-05,3,3866.5499999999997
SAL01279,P0123,C0285,2024-09-03,4,3082.04
SAL01280,P0179,C0219,2024-05-19,3,2529.48
SAL01281,P0029,C0082,2024-04-08,2,3678.58
SAL01282,P0054,C0155,2024-03-08,4,6989.84
SAL01283,P0156,C0051,2024-01-26,3,3681.99
SAL01284,P0186,C0028,2024-09-20,5,7300.8
SAL01285,P0017,C0102,2024-09-06,1,1327.48
SAL01286,P0198,C0217,2024-05-21,5,7053.0
SAL01287,P0065,C0049,2024-01-15,3,1838.46
SAL01288,P0188,C0246,2024-08-25,2,2720.68
SAL01289,P0052,C0120,2024-09-18,4,5856.0
SAL01290,P0143,C0212,2024-08-12,1,817.06
SAL01291,P0169,C0087,2024-06-14,1,543.93
SAL01292,P0081,C0223,2024-10-01,3,4831.32
SAL01293,P0029,C0130,2024-11-04,5,9196.45
SAL01294,P0074,C0189,2024-04-02,3,4097.1900000000005
SAL01295,P0091,C0223,2024-06-15,1,1407.53
SAL01296,P0161,C0060,2024-03-10,3,3041.7
SAL01297,P0132,C0042,2024-10-08,1,1079.03
SAL01298,P0189,C0028,2024-05-14,3,1275.51
SAL01299,P0185,C0055,2024-04-09,3,4489.59
SAL01300,P0068,C0184,2024-10-21,3,2919.06
SAL01301,P0070,C0158,2024-08-01,1,1979.39
SAL01302,P0071,C0280,2024-09-29,5,7528.35
SAL01303,P0003,C0114,2024-08-10,1,1156.43
SAL01304,P0047,C0022,2024-08-09,2,1592.52
SAL01305,P0077,C0013,2024-08-25,4,5045.28
SAL01306,P0159,C0048,2024-08-10,2,628.34
SAL01307,P0019,C0059,2024-03-10,2,944.06
SAL01308,P0113,C0198,2024-07-16,2,1127.72
SAL01309,P0059,C0298,2024-03-03,3,747.42
SAL01310,P0179,C0050,2024-04-06,3,2529.48
SAL01311,P0182,C0012,2024-01-10,1,233.94
SAL01312,P0006,C0078,2024-03-26,1,629.62
SAL01313,P0156,C0133,2024-03-30,2,2454.66
SAL01314,P0103,C0147,2024-10-29,4,2037.6
SAL01315,P0065,C0106,2024-08-02,4,2451.28
SAL01316,P0068,C0126,2024-03-17,3,2919.06
SAL01317,P0118,C0206,2024-06-19,5,1423.3000000000002
SAL01318,P0035,C0139,2024-02-22,4,7883.6
SAL01319,P0114,C0057,2024-05-16,5,4997.0
SAL01320,P0152,C0189,2024-06-02,4,3330.24
SAL01321,P0124,C0300,2024-06-07,1,694.76
SAL01322,P0107,C0002,2024-01-08,1,999.2
SAL01323,P0103,C0161,2024-08-13,2,1018.8
SAL01324,P0169,C0134,2024-02-13,3,1631.79
SAL01325,P0112,C0117,2024-10-30,2,2843.16
SAL01326,P0098,C0041,2024-07-25,1,1635.01
SAL01327,P0045,C0043,2024-01-28,4,5530.8
SAL01328,P0002,C0268,2024-07-17,5,4553.85
SAL01329,P0034,C0284,2024-04-09,5,1228.7
SAL01330,P0116,C0292,2024-04-17,3,5556.84
SAL01331,P0173,C0115,2024-01-10,2,1955.18
SAL01332,P0198,C0057,2024-02-28,1,1410.6
SAL01333,P0054,C0266,2024-06-30,4,6989.84
SAL01334,P0024,C0295,2024-04-23,2,2657.12
SAL01335,P0045,C0129,2024-10-16,4,5530.8
SAL01336,P0070,C0279,2024-06-22,2,3958.78
SAL01337,P0041,C0010,2024-01-04,4,2570.28
SAL01338,P0167,C0210,2024-02-06,5,3592.9
SAL01339,P0069,C0216,2024-02-23,5,4666.6
SAL01340,P0085,C0271,2024-01-27,4,3329.64
SAL01341,P0062,C0295,2024-08-07,4,560.0
SAL01342,P0102,C0270,2024-03-22,1,224.2
SAL01343,P0051,C0075,2024-01-31,1,1960.98
SAL01344,P0150,C0169,2024-01-15,5,2211.0499999999997
SAL01345,P0178,C0149,2024-01-23,4,5325.64
SAL01346,P0139,C0219,2024-02-12,5,6607.05
SAL01347,P0072,C0197,2024-01-16,5,3507.7
SAL01348,P0026,C0179,2024-03-29,1,1871.72
SAL01349,P0021,C0175,2024-01-17,5,4684.3
SAL01350,P0184,C0265,2024-06-25,1,1832.86
SAL01351,P0014,C0113,2024-09-05,4,3200.72
SAL01352,P0028,C0031,2024-01-28,4,645.96
SAL01353,P0091,C0169,2024-06-21,4,5630.12
SAL01354,P0024,C0065,2024-10-22,1,1328.56
SAL01355,P0174,C0083,2024-04-08,2,1804.26
SAL01356,P0193,C0191,2024-10-17,3,4370.22
SAL01357,P0168,C0290,2024-02-11,1,1686.73
SAL01358,P0188,C0115,2024-04-18,2,2720.68
SAL01359,P0007,C0230,2024-03-02,1,946.91
SAL01360,P0047,C0138,2024-02-22,4,3185.04
SAL01361,P0056,C0038,2024-05-24,5,6051.0
SAL01362,P0025,C0222,2024-09-25,5,9428.45
SAL01363,P0006,C0087,2024-05-30,3,1888.8600000000001
SAL01364,P0032,C0166,2024-01-13,4,862.56
SAL01365,P0082,C0265,2024-01-03,2,3202.36
SAL01366,P0040,C0271,2024-05-20,5,2332.2
SAL01367,P0009,C0212,2024-03-24,4,3021.8
SAL01368,P0093,C0173,2024-08-04,4,5612.68
SAL01369,P0163,C0253,2024-07-08,5,4098.2
SAL01370,P0090,C0240,2024-10-29,4,7328.16
SAL01371,P0020,C0262,2024-07-22,4,5353.6
SAL01372,P0187,C0226,2024-06-29,2,3849.46
SAL01373,P0035,C0052,2024-04-18,2,3941.8
SAL01374,P0015,C0238,2024-09-21,2,792.06
SAL01375,P0023,C0147,2024-09-26,3,1443.18
SAL01376,P0197,C0125,2024-03-17,5,1498.45
SAL01377,P0064,C0290,2024-02-10,4,1386.2
SAL01378,P0143,C0194,2024-02-28,5,4085.2999999999997
SAL01379,P0159,C0275,2024-09-02,5,1570.8500000000001
SAL01380,P0091,C0143,2024-02-03,1,1407.53
SAL01381,P0058,C0207,2024-05-01,3,4055.82
SAL01382,P0059,C0134,2024-04-26,4,996.56
SAL01383,P0120,C0194,2024-07-22,4,5717.6
SAL01384,P0186,C0165,2024-06-16,4,5840.64
SAL01385,P0162,C0019,2024-06-29,5,1616.55
SAL01386,P0065,C0156,2024-08-09,5,3064.1000000000004
SAL01387,P0006,C0091,2024-07-09,3,1888.8600000000001
SAL01388,P0097,C0261,2024-03-16,5,6840.8
SAL01389,P0057,C0077,2024-04-26,1,1174.94
SAL01390,P0140,C0166,2024-05-29,2,3571.28
SAL01391,P0196,C0085,2024-07-22,1,1601.43
SAL01392,P0109,C0162,2024-08-19,2,2148.08
SAL01393,P0054,C0283,2024-05-19,5,8737.3
SAL01394,P0175,C0041,2024-10-30,3,3292.56
SAL01395,P0141,C0229,2024-09-21,1,1078.77
SAL01396,P0075,C0002,2024-07-25,3,4598.28
SAL01397,P0194,C0143,2024-07-18,3,4290.99
SAL01398,P0182,C0242,2024-02-16,3,701.8199999999999
SAL01399,P0056,C0022,2024-03-31,3,3630.6000000000004
SAL01400,P0056,C0209,2024-06-27,5,6051.0
SAL01401,P0093,C0186,2024-06-14,4,5612.68
SAL01402,P0041,C0180,2024-06-11,2,1285.14
SAL01403,P0008,C0245,2024-07-14,1,819.06
SAL01404,P0189,C0172,2024-08-22,5,2125.85
SAL01405,P0103,C0254,2024-04-23,1,509.4
SAL01406,P0045,C0181,2024-04-15,2,2765.4
SAL01407,P0106,C0056,2024-07-21,3,1870.38
SAL01408,P0122,C0089,2024-04-18,4,6956.04
SAL01409,P0091,C0053,2024-09-09,5,7037.65
SAL01410,P0144,C0104,2024-03-30,3,3045.42
SAL01411,P0033,C0041,2024-01-02,4,7022.24
SAL01412,P0012,C0101,2024-04-28,2,355.14
SAL01413,P0040,C0088,2024-03-15,5,2332.2
SAL01414,P0190,C0062,2024-09-28,1,1018.54
SAL01415,P0139,C0065,2024-05-01,3,3964.2300000000005
SAL01416,P0173,C0256,2024-05-11,3,2932.77
SAL01417,P0141,C0259,2024-07-11,3,3236.31
SAL01418,P0190,C0125,2024-11-04,5,5092.7
SAL01419,P0125,C0286,2024-04-07,5,5844.5
SAL01420,P0080,C0058,2024-03-14,5,7050.85
SAL01421,P0159,C0023,2024-11-01,4,1256.68
SAL01422,P0085,C0274,2024-08-10,2,1664.82
SAL01423,P0100,C0091,2024-03-28,2,2725.42
SAL01424,P0177,C0103,2024-09-22,2,1399.6
SAL01425,P0163,C0055,2024-03-09,1,819.64
SAL01426,P0025,C0090,2024-06-11,5,9428.45
SAL01427,P0135,C0294,2024-08-06,2,1542.78
SAL01428,P0073,C0242,2024-05-01,2,362.38
SAL01429,P0083,C0225,2024-01-17,4,2496.44
SAL01430,P0164,C0293,2024-02-05,1,463.3
SAL01431,P0025,C0180,2024-09-22,2,3771.38
SAL01432,P0038,C0176,2024-07-22,4,1978.16
SAL01433,P0193,C0040,2024-01-08,5,7283.7
SAL01434,P0071,C0049,2024-03-26,5,7528.35
SAL01435,P0159,C0075,2024-05-19,5,1570.8500000000001
SAL01436,P0113,C0141,2024-06-12,4,2255.44
SAL01437,P0073,C0271,2024-03-17,2,362.38
SAL01438,P0010,C0068,2024-01-29,4,2411.12
SAL01439,P0171,C0292,2024-05-27,2,360.8
SAL01440,P0171,C0197,2024-03-10,3,541.2
SAL01441,P0132,C0245,2024-08-14,2,2158.06
SAL01442,P0104,C0274,2024-09-06,4,4256.24
SAL01443,P0174,C0066,2024-02-18,5,4510.65
SAL01444,P0137,C0035,2024-07-15,4,1454.8
SAL01445,P0087,C0204,2024-03-19,5,4079.1000000000004
SAL01446,P0186,C0077,2024-04-18,3,4380.4800000000005
SAL01447,P0089,C0010,2024-07-20,2,1186.5
SAL01448,P0113,C0133,2024-06-11,2,1127.72
SAL01449,P0055,C0052,2024-10-24,1,119.02
SAL01450,P0018,C0116,2024-09-17,3,5706.21
SAL01451,P0083,C0121,2024-07-07,1,624.11
SAL01452,P0151,C0286,2024-06-18,2,520.7
SAL01453,P0121,C0278,2024-10-02,1,638.56
SAL01454,P0017,C0100,2024-03-19,3,3982.44
SAL01455,P0155,C0046,2024-10-23,4,5271.56
SAL01456,P0147,C0036,2024-02-01,2,2073.8
SAL01457,P0061,C0240,2024-11-01,3,2161.8
SAL01458,P0145,C0147,2024-01-20,2,821.18
SAL01459,P0020,C0071,2024-08-05,5,6692.0
SAL01460,P0135,C0245,2024-05-03,1,771.39
SAL01461,P0027,C0042,2024-08-16,3,3515.2200000000003
SAL01462,P0016,C0237,2024-05-06,1,1879.71
SAL01463,P0083,C0270,2024-01-06,2,1248.22
SAL01464,P0105,C0173,2024-09-29,4,1264.24
SAL01465,P0146,C0179,2024-07-04,5,7275.549999999999
SAL01466,P0095,C0133,2024-06-01,3,4101.84
SAL01467,P0115,C0017,2024-08-28,3,4442.700000000001
SAL01468,P0136,C0272,2024-04-20,4,7938.84
SAL01469,P0155,C0137,2024-08-24,4,5271.56
SAL01470,P0120,C0151,2024-04-05,3,4288.200000000001
SAL01471,P0150,C0291,2024-09-14,2,884.42
SAL01472,P0139,C0117,2024-07-02,1,1321.41
SAL01473,P0041,C0021,2024-09-28,4,2570.28
SAL01474,P0195,C0022,2024-08-22,5,6103.95
SAL01475,P0075,C0257,2024-08-23,1,1532.76
SAL01476,P0046,C0245,2024-03-02,3,1376.67
SAL01477,P0153,C0099,2024-03-27,4,2283.92
SAL01478,P0057,C0294,2024-08-21,4,4699.76
SAL01479,P0176,C0020,2024-08-25,5,3021.5
SAL01480,P0194,C0158,2024-05-21,3,4290.99
SAL01481,P0182,C0284,2024-08-04,2,467.88
SAL01482,P0018,C0200,2024-03-11,5,9510.35
SAL01483,P0134,C0088,2024-02-04,1,1665.27
SAL01484,P0173,C0279,2024-10-14,1,977.59
SAL01485,P0017,C0175,2024-05-06,4,5309.92
SAL01486,P0075,C0277,2024-08-02,4,6131.04
SAL01487,P0195,C0272,2024-07-28,1,1220.79
SAL01488,P0149,C0052,2024-05-12,2,3611.52
SAL01489,P0147,C0127,2024-05-29,1,1036.9
SAL01490,P0129,C0182,2024-06-10,2,1115.42
SAL01491,P0134,C0171,2024-08-16,1,1665.27
SAL01492,P0113,C0077,2024-06-27,3,1691.58
SAL01493,P0105,C0070,2024-05-20,1,316.06
SAL01494,P0113,C0260,2024-01-11,1,563.86
SAL01495,P0192,C0186,2024-02-04,1,486.45
SAL01496,P0001,C0207,2024-01-28,1,1709.24
SAL01497,P0150,C0021,2024-06-23,3,1326.6299999999999
SAL01498,P0043,C0144,2024-09-10,1,1957.9
SAL01499,P0081,C0115,2024-04-16,2,3220.88
SAL01500,P0150,C0162,2024-03-18,2,884.42
